USE 22ac3d03;
INSERT INTO Sale (sale_id, store_id, totalCost, staff_id, review_code, date) VALUES
(1, 1, 47.98, 1, "15b61ee", "2022/11/01 10:50:01"),
(2, 1, 23.99, 2, "1974318", "2022/11/01 11:00:21"),
(3, 1, 288.98, 3, "11e64d1", "2022/11/08 14:00:15"),
(4, 1, 1000.00, 4, "3641128", "2022/11/17 09:12:28"),
(5, 1, 125.98, 2, "32ea2df", "2022/11/03 11:45:29"),
(6, 1, 299.99, 1, "46a137", "2022/11/22 15:13:40"),
(7, 1, 177.98, 3, "18532c0", "2022/11/09 18:27:34"),
(8, 1, 210.99, 2, "516fe0", "2022/11/17 20:37:56"),
(9, 1, 984.88, 2, "3981d09", "2022/11/07 10:34:15"),
(10, 1, 112.45, 1, "e41a1c", "2022/11/01 15:38:11"),
(11, 1, 546.93, 1, "829ee0", "2022/11/01 11:11:18"),
(12, 1, 121.95, 4, "e68c8f", "2022/11/06 16:05:34"),
(13, 1, 87.99, 5, "2e4dfd3", "2022/11/23 11:18:59"),
(14, 1, 172.98, 5, "15119ba", "2022/11/01 13:19:27"),
(15, 1, 199.94, 3, "14af0da", "2022/11/12 17:36:51"),
(16, 1, 87.99, 2, "272580c", "2022/11/07 10:20:30"),
(17, 1, 79.95, 1, "fc2419", "2022/11/21 21:43:01"),
(18, 1, 121.95, 1, "18ab9bb", "2022/11/15 18:43:16"),
(19, 1, 323.98, 2, "1917b2e", "2022/11/16 08:11:24"),
(20, 1, 547.92, 2, "3947659", "2022/11/19 16:41:55"),
(21, 1, 395.90, 3, "2e3c24d", "2022/11/17 09:15:32"),
(22, 1, 25.99, 3, "4bb2e5", "2022/11/16 22:11:19"),
(23, 1, 359.99, 4, "3544239", "2022/11/08 16:43:22"),
(24, 1, 132.44, 4, "27bb4ba", "2022/11/06 17:00:49"),
(25, 1, 778.94, 5, "3c33a6e", "2022/11/11 11:11:22"),
(26, 1, 1000.00, 1, "53a056", "2022/11/01 15:34:21"),
(27, 1, 99.99, 2, "30792dc", "2022/11/01 14:56:41"),
(28, 1, 146.99, 1, "3246e97", "2022/11/07 07:11:44"),
(29, 1, 19.99, 1, "767885", "2022/11/17 18:05:55"),
(30, 1, 79.95, 4, "37d520c", "2022/11/01 16:37:58"),
(31, 1, 210.99, 5, "2cbb54a", "2022/11/09 12:47:21"),
(32, 1, 315.95, 2, "27f65f9", "2022/11/21 13:42:31"),
(33, 1, 886.93, 1, "159bc1c", "2022/11/01 09:11:06"),
(34, 1, 89.95, 2, "a14095", "2022/11/05 11:44:22"),
(35, 1, 109.94, 2, "3860ec1", "2022/11/22 20:17:50"),
(36, 1, 185.94, 4, "17ceae8", "2022/11/29 11:48:19"),
(37, 1, 296.99, 5, "2f6be72", "2022/11/29 11:12:30"),
(38, 1, 121.95, 4, "968c19", "2022/11/01 13:56:43"),
(39, 1, 120.98, 4, "2a9221a", "2022/11/11 18:51:30"),
(40, 1, 510.98, 4, "64889d", "2022/11/16 10:14:27"),
(41, 1, 112.00, 3, "3f475af", "2022/11/13 19:27:21"),
(42, 1, 315.95, 2, "23808da", "2022/11/29 14:48:12"),
(43, 1, 609.75, 2, "2111ce2", "2022/11/11 11:20:14"),
(44, 1, 25.99, 2, "b10f14", "2022/11/15 18:00:00"),
(45, 1, 210.99, 1, "1df1124", "2022/11/27 12:00:05"),
(46, 1, 719.55, 1, "3e938ea", "2022/11/05 04:41:23"),
(47, 1, 25.99, 3, "1f711b4", "2022/11/20 15:04:33"),
(48, 1, 89.95, 3, "20e018", "2022/11/15 16:20:21"),
(49, 1, 296.99, 2, "1d00d19", "2022/11/28 09:18:27"),
(50, 1, 89.99, 1, "37c89f2", "2022/11/17 20:11:10");
INSERT INTO Sale_Product (sale_id, sku_code, quantity) VALUES 
(1, 110001, 1),
(1, 110001, 1),
(2, 110001, 1),
(3, 330001, 1),
(3, 210002, 1),
(4, 310004, 1),
(5, 220003, 1),
(5, 110002, 1),
(6, 320001, 1),
(7, 120001, 1),
(7, 220001, 1),
(8, 330001, 1),
(9, 110001, 1),
(9, 120002, 1),
(9, 310002, 1),
(9, 330002, 1),
(10, 220004, 1),
(11, 110004, 1),
(11, 320002, 1),
(11, 330001, 1),
(12, 210003, 1),
(13, 220001, 1),
(14, 110002, 1),
(14, 210004, 1),
(15, 110001, 1),
(15, 330002, 1),
(16, 220001, 1),
(17, 220002, 1),
(18, 210003, 1),
(19, 110001, 1),
(19, 320001, 1),
(20, 110002, 1),
(20, 210003, 1),
(20, 220003, 1),
(20, 320001, 1),
(21, 220002, 1),
(21, 320002, 1),
(22, 110002, 1),
(23, 310001, 1),
(24, 110004, 1),
(24, 220004, 1),
(25, 210001, 1),
(25, 310002, 1),
(26, 310004, 1),
(27, 220003, 1),
(28, 210004, 1),
(29, 110004, 1),
(30, 220002, 1),
(31, 330001, 1),
(32, 320002, 1),
(33, 310001, 1),
(33, 320002, 1),
(33, 330001, 1),
(34, 210001, 1),
(35, 110004, 1),
(35, 210001, 1),
(36, 120001, 1),
(36, 120002, 1),
(37, 310003, 1),
(38, 210003, 1),
(39, 110003, 1),
(39, 120001, 1),
(40, 320001, 1),
(40, 330001, 1),
(41, 120004, 1),
(42, 320002, 1),
(43, 210003, 1),
(43, 210003, 1),
(43, 210003, 1),
(43, 210003, 1),
(43, 210003, 1),
(44, 110002, 1),
(45, 330001, 1),
(46, 220002, 1),
(46, 220002, 1),
(46, 220002, 1),
(46, 220002, 1),
(46, 220002, 1),
(46, 220002, 1),
(46, 220002, 1),
(46, 220002, 1),
(46, 220002, 1),
(47, 110002, 1),
(48, 210001, 1),
(49, 310003, 1),
(50, 120001, 1);
INSERT INTO CashPayment (sale_id, initialTender) VALUES 
(2, 23.99),
(6, 301),
(10, 112.45),
(12, 141),
(16, 92),
(17, 79.95),
(23, 359.99),
(25, 778.94),
(27, 119),
(31, 210.99),
(32, 315.95),
(34, 109),
(36, 195),
(40, 510.98),
(42, 317),
(45, 220);
INSERT INTO CardPayment (sale_id, last4Digits) VALUES 
(1, 3463),
(3, 6822),
(4, 10792),
(5, 3014),
(7, 5682),
(8, 8614),
(9, 4545),
(11, 10531),
(13, 8178),
(14, 4332),
(15, 3988),
(18, 9209),
(19, 7801),
(20, 10226),
(21, 1839),
(22, 10828),
(24, 8418),
(26, 3588),
(28, 5529),
(29, 4059),
(30, 2753),
(33, 8974),
(35, 7987),
(37, 7569),
(38, 8568),
(39, 1582),
(41, 2643),
(43, 3370),
(44, 9438),
(46, 1173),
(47, 5369),
(48, 3573),
(49, 10745),
(50, 2150);
